{
	"info": {
		"_postman_id": "0e6ddbeb-6552-46ff-8ac5-930865fb1f74",
		"name": "node-express-mongo-oauth",
		"schema": "https://schema.getpostman.com/json/collection/v2.1.0/collection.json"
	},
	"item": [
		{
			"name": "List Users",
			"protocolProfileBehavior": {
				"disableBodyPruning": true
			},
			"request": {
				"method": "GET",
				"header": [],
				"body": {
					"mode": "raw",
					"raw": ""
				},
				"url": {
					"raw": "http://localhost:3000/api/users",
					"protocol": "http",
					"host": [
						"localhost"
					],
					"port": "3000",
					"path": [
						"api",
						"users"
					]
				}
			},
			"response": []
		},
		{
			"name": "Get Lists",
			"request": {
				"method": "GET",
				"header": [],
				"url": {
					"raw": "http://localhost:3000/api/lists",
					"protocol": "http",
					"host": [
						"localhost"
					],
					"port": "3000",
					"path": [
						"api",
						"lists"
					]
				}
			},
			"response": []
		},
		{
			"name": "Create List",
			"request": {
				"method": "POST",
				"header": [],
				"body": {
					"mode": "raw",
					"raw": "{\n    \"name\": \"list1\",\n    \"description\": \"description_for_list1\"\n}",
					"options": {
						"raw": {
							"language": "json"
						}
					}
				},
				"url": {
					"raw": "http://localhost:3000/api/lists",
					"protocol": "http",
					"host": [
						"localhost"
					],
					"port": "3000",
					"path": [
						"api",
						"lists"
					]
				}
			},
			"response": []
		}
	],
	"auth": {
		"type": "oauth2",
		"oauth2": [
			{
				"key": "accessTokenUrl",
				"value": "http://localhost:3000/oauth/token",
				"type": "string"
			},
			{
				"key": "tokenType",
				"value": "",
				"type": "string"
			},
			{
				"key": "accessToken",
				"value": "",
				"type": "string"
			},
			{
				"key": "addTokenTo",
				"value": "header",
				"type": "string"
			},
			{
				"key": "password",
				"value": "{{AppPassword}}",
				"type": "string"
			},
			{
				"key": "username",
				"value": "{{AppUser}}",
				"type": "string"
			},
			{
				"key": "clientSecret",
				"value": "{{ClientSecret}}",
				"type": "string"
			},
			{
				"key": "clientId",
				"value": "{{ClientID}}",
				"type": "string"
			},
			{
				"key": "scope",
				"value": "password",
				"type": "string"
			},
			{
				"key": "grant_type",
				"value": "password_credentials",
				"type": "string"
			},
			{
				"key": "authUrl",
				"value": "http://localhost:4000/oauth/token",
				"type": "string"
			},
			{
				"key": "tokenName",
				"value": "node-express-mongo-oauth",
				"type": "string"
			}
		]
	},
	"event": [
		{
			"listen": "prerequest",
			"script": {
				"type": "text/javascript",
				"exec": [
					""
				]
			}
		},
		{
			"listen": "test",
			"script": {
				"type": "text/javascript",
				"exec": [
					""
				]
			}
		}
	],
	"variable": [
		{
			"key": "ClientID",
			"value": "app-oauth"
		},
		{
			"key": "ClientSecret",
			"value": "oauth-secret"
		},
		{
			"key": "AppUser",
			"value": "app-user"
		},
		{
			"key": "AppPassword",
			"value": "app-password",
			"type": "default"
		}
	]
}